Name,Time
Riddhigoyal07,165:55:39
sulbhamishra2000,166:35:49
Zainab_Saify,167:18:32
aashutoshbansal2,167:32:24
tarunmuchhal11,167:47:23
chetan_ghuse,167:48:14
ashutoshs15,167:50:47
hrithvikpotdar40,167:51:55
fatema_i_moaiya1,167:57:13
milanjais119,168:16:12
anuragsawle70,168:19:47
nishthas789878,168:35:54
manish_pal1111,170:49:40
sakshibachwana,171:55:33
vkt1409,174:22:54
lokendraporwal,177:09:01
ayushpatelnakish,185:39:50
uttam_yadav8299,187:27:59
divya_singh_pd,188:13:30
shwjain89,188:52:22
mandlejahnvi,189:20:04
Shiv0712,189:32:14
payalphatwani,189:35:48
,
,
,
,
,
,
,
,
,
,
