Name            ,Time
Riddhigoyal07   ,285:34:37
chetan_ghuse    ,287:02:11
fatema_i_moaiya1,287:10:56
tarunmuchhal11  ,287:37:43
hrithvikpotdar40,287:38:41
komalsolanki8585,287:39:20
shivaneegupta160,287:57:32
milanjais119    ,288:02:45
mandlejahnvi    ,288:26:29
vkt1409         ,288:48:07
manish_pal1111  ,289:23:23
shwjain89       ,289:27:06
sakshibachwana  ,289:51:14
poojaverma0442  ,291:09:40
manishchouhan511,292:37:38
sulbhamishra2000,294:30:34
aashutoshbansal2,295:53:32
vijaychoukse7   ,295:58:05
payalphatwani   ,308:17:08
ramchandanitanya,309:05:12
tanishqsaini1306,308:59:17
ayushpatelnakish,308:39:17
himanshupatidar1,294:05:01
